{"is_source_file": true, "format": "JavaScript", "description": "This is the entry point for a React web application, initializing the React root and rendering the main App component within React.StrictMode.", "external_files": ["./App", "./index.css"], "external_methods": ["ReactDOM.createRoot", "root.render"], "published": ["React", "ReactDOM", "root"], "classes": [{"name": "React.StrictMode", "description": "A React component that activates extra checks and warnings for its children in development mode."}], "methods": [{"name": "ReactDOM.createRoot", "description": "Creates a React root for rendering a React component tree."}, {"name": "root.render", "description": "Renders React elements into the DOM node associated with the root."}], "calls": ["ReactDOM.createRoot", "root.render"], "search-terms": ["React", "ReactDOM", "createRoot", "index.js", "frontend_web"], "state": 2, "file_id": 3, "knowledge_revision": 19, "git_revision": "385dcd744509ceb9b54c41852c7e5bfa93b639ac", "ctags": [{"_type": "tag", "name": "root", "path": "/home/kavia/workspace/code-generation/gourmet-express-200668-200678/frontend_web/src/index.js", "pattern": "/^const root = ReactDOM.createRoot(document.getElementById('root'));$/", "language": "JavaScript", "kind": "constant"}], "hash": "9fc5841375336fc175b49f8767a11383", "format-version": 4, "code-base-name": "frontend_web", "filename": "frontend_web/src/index.js", "revision_history": [{"19": "385dcd744509ceb9b54c41852c7e5bfa93b639ac"}]}