{"is_source_file": true, "format": "JavaScript", "description": "Test setup file for frontend web application using Jest and testing-library, configuring custom matchers for DOM assertions.", "external_files": ["@testing-library/jest-dom"], "external_methods": [], "published": [], "classes": [], "methods": [], "calls": ["import '@testing-library/jest-dom'"], "search-terms": ["setupTests", "jest-dom", "testing-library", "frontend_web", "Testing configuration"], "state": 2, "file_id": 1, "knowledge_revision": 17, "git_revision": "385dcd744509ceb9b54c41852c7e5bfa93b639ac", "ctags": [], "hash": "1a77571e1a8cf36018a41bcedf60db75", "format-version": 4, "code-base-name": "frontend_web", "filename": "frontend_web/src/setupTests.js", "revision_history": [{"17": "385dcd744509ceb9b54c41852c7e5bfa93b639ac"}]}