{"is_source_file": false, "format": "", "description": "", "external_files": [], "external_methods": [], "published": [], "classes": [], "methods": [], "calls": [], "search-terms": [], "state": 2, "file_id": 9, "knowledge_revision": 21, "git_revision": "385dcd744509ceb9b54c41852c7e5bfa93b639ac", "hash": "d9d975cebe2ec20b6c652e1e4c12ccf0", "format-version": 4, "code-base-name": "frontend_web", "filename": "frontend_web/public/manifest.json", "revision_history": [{"21": "385dcd744509ceb9b54c41852c7e5bfa93b639ac"}]}