{"is_source_file": true, "format": "JavaScript (React JSX)", "description": "This file defines a React functional component named App, which manages a theme state ('light' or 'dark') and provides a button to toggle between themes. It applies the selected theme to the document's root element using useEffect and renders UI elements including a logo, instructional text, current theme display, and a link to React documentation.", "external_files": ["./logo.svg", "./App.css"], "external_methods": ["React.useState", "React.useEffect"], "published": ["App"], "classes": [], "methods": [{"name": "App()", "description": "React functional component managing theme state and UI rendering.", "scope": "", "scopeKind": ""}, {"name": "toggleTheme", "description": "Function to toggle theme state between 'light' and 'dark'."}], "calls": ["React.useState", "React.useEffect", "document.documentElement.setAttribute", "setTheme", "prevTheme => prevTheme === 'light' ? 'dark' : 'light'", "onClick"], "search-terms": ["React Theme Toggle", "useState React", "useEffect DOM manipulation", "React App component", "Theme switch button"], "state": 2, "file_id": 5, "knowledge_revision": 25, "git_revision": "385dcd744509ceb9b54c41852c7e5bfa93b639ac", "ctags": [{"_type": "tag", "name": "App", "path": "/home/kavia/workspace/code-generation/gourmet-express-200668-200678/frontend_web/src/App.js", "pattern": "/^function App() {$/", "language": "JavaScript", "kind": "function", "signature": "()"}, {"_type": "tag", "name": "Switch to ${theme === 'light' ? 'dark' : 'light'} mode", "path": "/home/kavia/workspace/code-generation/gourmet-express-200668-200678/frontend_web/src/App.js", "pattern": "/^          aria-label={`Switch to ${theme === 'light' ? 'dark' : 'light'} mode`}$/", "language": "JavaScript", "kind": "field", "scope": "App.aria", "scopeKind": "class"}, {"_type": "tag", "name": "toggleTheme", "path": "/home/kavia/workspace/code-generation/gourmet-express-200668-200678/frontend_web/src/App.js", "pattern": "/^          onClick={toggleTheme}$/", "language": "JavaScript", "kind": "field", "scope": "App.onClick", "scopeKind": "class"}], "hash": "b55dd9e6a018e59207d8e277dffd9e11", "format-version": 4, "code-base-name": "frontend_web", "filename": "frontend_web/src/App.js", "fields": [{"name": "aria-label={`Switch to ${theme === 'light' ? 'dark' : 'light'} mode`}", "scope": "App.aria", "scopeKind": "class", "description": "unavailable"}, {"name": "onClick={toggleTheme}", "scope": "App.onClick", "scopeKind": "class", "description": "unavailable"}], "revision_history": [{"25": "385dcd744509ceb9b54c41852c7e5bfa93b639ac"}]}