{"is_source_file": false, "format": "", "description": "", "external_files": [], "external_methods": [], "published": [], "classes": [], "methods": [], "calls": [], "search-terms": ["CSS", "CSS Variables", "theme", "dark mode", ":root", ".App", ".theme-toggle"], "state": 2, "file_id": 2, "knowledge_revision": 14, "git_revision": "385dcd744509ceb9b54c41852c7e5bfa93b639ac", "hash": "22f9e17cc1848b56dbb244518ac2707e", "format-version": 4, "code-base-name": "frontend_web", "filename": "frontend_web/src/App.css", "revision_history": [{"14": "385dcd744509ceb9b54c41852c7e5bfa93b639ac"}]}