{"is_source_file": false, "format": "", "description": "", "external_files": [], "external_methods": [], "published": [], "classes": [], "methods": [], "calls": [], "search-terms": [], "state": 2, "file_id": 7, "knowledge_revision": 16, "git_revision": "385dcd744509ceb9b54c41852c7e5bfa93b639ac", "hash": "d001d53c059625c4bcf75bf5a7f3fcf0", "format-version": 4, "code-base-name": "frontend_web", "filename": "frontend_web/package.json", "revision_history": [{"16": "385dcd744509ceb9b54c41852c7e5bfa93b639ac"}]}