{"is_source_file": false, "format": "", "description": "", "external_files": [], "external_methods": [], "published": [], "classes": [], "methods": [], "calls": [], "search-terms": [], "state": 2, "file_id": 4, "knowledge_revision": 15, "git_revision": "385dcd744509ceb9b54c41852c7e5bfa93b639ac", "hash": "6c2104b8d219ed99234ae2d6329f4357", "format-version": 4, "code-base-name": "frontend_web", "filename": "frontend_web/src/index.css", "revision_history": [{"15": "385dcd744509ceb9b54c41852c7e5bfa93b639ac"}]}