{"is_source_file": true, "format": "JavaScript (ESM / module format)", "description": "ESLint configuration file written in JavaScript for the frontend web project, defining linting rules, parser options, and plugin configurations.", "external_files": ["@eslint/js", "eslint-plugin-react"], "external_methods": [], "published": [], "classes": [], "methods": [], "calls": ["import pluginJs from \"@eslint/js\"", "import pluginReact from \"eslint-plugin-react\""], "search-terms": ["eslint", "eslint.config.mjs", "plugins", "rules", "parserOptions", "react"], "state": 2, "file_id": 10, "knowledge_revision": 23, "git_revision": "385dcd744509ceb9b54c41852c7e5bfa93b639ac", "hash": "be6538e7523bc2e9da0743133d784136", "format-version": 4, "code-base-name": "frontend_web", "filename": "frontend_web/eslint.config.mjs", "revision_history": [{"23": "385dcd744509ceb9b54c41852c7e5bfa93b639ac"}]}