{"is_source_file": false, "format": "", "description": "", "external_files": [], "external_methods": [], "published": [], "classes": [], "methods": [], "calls": [], "search-terms": [], "state": 2, "file_id": 8, "knowledge_revision": 18, "git_revision": "385dcd744509ceb9b54c41852c7e5bfa93b639ac", "hash": "d2b40d02d5f7873d8a6713bad837edd4", "format-version": 4, "code-base-name": "frontend_web", "filename": "frontend_web/public/index.html", "revision_history": [{"18": "385dcd744509ceb9b54c41852c7e5bfa93b639ac"}]}